drop database biblioteca;

create database biblioteca;

use biblioteca;

create table usuario (
	id uniqueidentifier not null,
	nome varchar(255) not null,
	cpf varchar(14) not null,
	login varchar(50) not null,
	senha varchar(50) not null,
	nascimento date not null,
	ativo bit not null default 1,
	constraint pk_usuario primary key (id)
);

create table locatario (
	id uniqueidentifier not null,
	nome varchar(255) not null,
	cpf varchar(14) not null,
	email varchar(255) not null,
	nascimento date not null,
	telefone varchar(255),
	ativo bit not null default 1,
	constraint pk_locatario primary key (id)
);

create table editora (
	id uniqueidentifier not null,
	nome varchar(255) not null,
	cnpj varchar(18) not null,
	ativo bit not null default 1,
	constraint pk_editora primary key (id)
);

create table autor (
	id uniqueidentifier not null,
	nome varchar(255) not null,
	nascimento date not null,
	falecimento date,
	ativo bit not null default 1,
	constraint pk_autor primary key (id)
);

create table obra (
	id uniqueidentifier not null, 
	titulo varchar(255) not null,
	isbn varchar(17) not null, 
	genero varchar(255) not null,
	selo varchar(255) null,
	idautor uniqueidentifier not null,
	ideditora uniqueidentifier not null,
	ativo bit not null default 1,
	constraint pk_obra primary key (id),
	constraint fk_obra_autor foreign key (idautor) references autor(id),
	constraint fk_obra_editora foreign key (ideditora) references editora(id)
);

create table livro (
	id uniqueidentifier not null,
	barcode varchar(max) not null,
	idobra uniqueidentifier not null,
	doacao datetime not null,
	ativo bit not null default 1,
	constraint pk_livro primary key (id),
	constraint fk_livro_obra foreign key (idobra) references obra(id)
);

create table movimentacao (
	id uniqueidentifier not null,
	datamovimentacao datetime not null,
	idlivro uniqueidentifier not null,
	idlocatario uniqueidentifier not null,
	idusuario uniqueidentifier not null,
	tipo varchar(1) not null,
	constraint pk_movimentacao primary key (datamovimentacao, idlivro, idlocatario),
	constraint fk_movimentacao_livro foreign key (idlivro) references livro(id),
	constraint fk_movimentacao_locatario foreign key (idlocatario) references locatario(id),
	constraint fk_movimentacao_usuario foreign key (idusuario) references usuario(id)
);

INSERT INTO autor (id, nome, nascimento, falecimento) VALUES 
('6FFED3CA-6D5A-4060-BA72-C1855ED49922', 'Howard Philips Lovecraft','1890-08-20','1937-03-15'),
('2C522697-BC20-4FC2-AC7C-37A590ECDE01', 'Edgar Allan Poe','1809-01-19','1849-10-07'),
('4641F492-BEB2-472B-9BA7-93FA1DD8DF96', 'Patricia Cabot', '1967-02-01', null),
('458459CF-A79C-49B0-A33E-EF89CF62045F', 'V. E. Schwab', '1987-07-07', null),
('8A2529E8-73D9-4595-BEE7-AF2B288E148E', 'Holly Black', '1971-11-10', null),
('62F95791-3DE1-4FEA-BE11-D8CADB3E976E', 'Dan Brown', '1964-06-22', null),
('DBDFE605-C1B4-42E1-8482-9F8E7BB764CD', 'Jon Skovron', '1976-09-22', null),
('338328D7-558F-4B77-BEC5-4826C9EC05AF', 'E. L. James', '1963-03-07', null),
('F19A36D3-F1D9-42A1-BDDA-2842FD70912B', 'Sthephenie Meyer', '1973-12-24', null),
('97551E0C-525E-40B5-B6AF-A28138F168A2', 'Samantha Shannon', '1991-11-08', null),
('7F03C699-0FF5-43E2-9001-C1BC42E4A001', 'Marcus Barcelos', '1989-01-27', null),
('FFCA93B2-9626-41F1-8996-5D91DD1D86AC', 'Mark Daniels', '', null),
('87485717-2D58-489B-B82C-21E681B32509', 'Eddie Van Feu', '1974-02-12', null),
('FA69E2E5-7F85-4305-BB10-7194AEC77D6E', 'Lucia Lemos', '', null),
('354D94BC-3FAB-437B-BE5C-1337CE956F70', 'Rubens Saraceni', '1951-10-18', '2015-03-09'),
('200ED117-216B-4D63-BC0D-2DF492D9538B', 'Bob Hobbs', '', null),
('D5204D4E-4CFF-4EFA-989A-C9E2D82130D1', 'Markus Zusak', '1975-06-23', null),
('0BAE54C3-31AD-4767-9CF1-6883C61AF810', 'Licia Troisi', '1980-11-25', null),
('8F8D59E5-B1B3-4EE2-97AF-93B84BFBB519', 'Julia Quinn', '1971-01-12', null),
('1A826EBB-013A-437F-835E-95575E518D0B', 'James Frey', '1969-09-12', null),
('3A7C2094-52BC-429A-A643-B684263C5CBD', 'Massaud Moises', '1928-04-09', '2018-04-11'),
('679EF9A5-1DCD-4F70-937C-917B80D3B3D8', 'F. M. L. Pepper', '', null),
('474990D2-D37F-47F8-9786-6FC6B77B4EE9', 'Gilberto Dimenstein', '1956-08-28', '2020-05-29'),
('021D95E7-A7C5-4B00-AB95-95D7E027EC71', 'Nicholas Sparks', '1965-12-31', null),
('8C58D732-98CD-4AE8-AE54-135FBF898C86', 'David Nicholls', '1966-11-30', null),
('62D6CAF4-0F42-48CE-B179-91B18EF7681E', 'Daniel Bortoletto', '', null),
('70D19433-6C6F-4217-8893-4E5C9E823254', 'Kathleen Sears', '', null),
('C84DAC08-9A3F-4A5E-8B4C-FE12627A76EF', 'Pittacus Lore', '', null),
('A4728CF0-8083-4F8A-B050-657E166B45C7', 'Marie Lu', '1984-07-11', null),
('8FA2B2FC-03C9-4E01-85C3-19A2F9BE6CBF', 'Oliver Bowden', '1948-10-22', null),
('051CAF63-9E8F-4D79-87DA-CD08267A112F', 'Elizabeth Hoyt', '1970-11-21', null),
('47D755B7-C354-426B-BEF8-C352F08F1341', 'John Flanagan', '1944-05-22', null),
('70A8B8F2-B714-4DF9-8EBD-AF2CC3B937F9', 'Rick Riordan', '1964-06-05', null),
('C7D62F5B-FB85-4C3F-925B-FE5044BF6987', 'Joseph Delaney', '1945-07-25', '2022-08-16'),
('2F9F81EE-2D66-422D-B769-B1ABD9C513F3', 'J. K. Rowling', '1965-07-31', null),
('0B350680-B503-4159-9E2E-BB702AFF6E52', 'Gordon Korman', '1963-10-23', null),
('EE3FE433-6ACB-4D24-9E62-FDEFE2C34BE7', 'Peter Lerangis', '1955-08-19', null),
('33B14797-31E6-4185-96AD-4CB920320D01', 'Jude Watson', '1956-10-26', null),
('6A7E1365-06B4-400A-9BA4-6BBB5A7DA96A', 'Linda Sue Park', '1960-03-25', null),
('536D119F-A6AD-469F-9027-3F6F4AC1AF93', 'Margaret P. Haddix', '1964-04-09', null),
('FA5D6292-E7FE-4BB2-B1F3-AB6ED272E13D', 'Roland Smith', '1951-11-30', null),
('2C1CD741-9844-40F4-8FBD-8A36A53EDEAA', 'David Baldacci', '1960-08-05', null),
('03B17CE3-050A-4AF4-AC20-26F755B000AE', 'Ursula K. Le Guin', '1929-10-21', '2018-01-22'),
('91045866-4C3E-43FD-A432-EA5F9B1C441D', 'Mark Manson', '1984-03-09', null),
('514C74F7-DBE4-46C3-A420-A233CCB705F2', 'Zeca Machado', '', null),
('5EDAF30C-B459-4ABB-956C-3C317D527B78', 'Raphael Draccon', '1981-06-15', null),
('D843E519-09B5-4F50-8602-3F9C5A6A16BD', 'Cassandra Clare', '1973-07-27', null),
('DEF64804-4117-4035-907E-ED7312B27E49', 'C. S. Lewis', '1898-11-29', '1963-11-22'),
('ACF26216-03BC-41F0-AC80-F84D2D7622C3', 'Mitch Albom', '1958-05-29', null),
('2AAA1229-EC8C-4407-BF7A-7907128CFE1A', 'Rubem Alves', '1933-09-15', '2014-07-19'),
('BA164F30-0282-4863-A39B-89ACA50604A7', 'Sun Tzu', '544aC', '496aC'),
('F0ABFC0F-92AF-4010-ADA1-F9CEBCCA8C4D', 'M. A. Charro', '', null),
('69AEC2A0-4C35-41ED-A2FA-7F1FC45040B6', 'Julio Verne', '1928-02-08', '1905-03-24'),
('3DE96008-6E92-404C-A5BB-7F3DC0B69266', 'Thalita Reboucas', '1974-11-10', null),
('CFFC5B2C-05AE-4588-B36C-DE9951C9A9F7', 'Marcos Silva', '', null),
('BC362731-2EA3-4B63-9D8B-EAE24D038E04', 'Morgan Rhodes', '1971', null),
('A75B73ED-80DA-4064-BA42-99F87F1D6BE5', 'Christian Jacq', '', null),
('68F9AD50-B4A2-4ED4-A03C-54F04A2F84B7', 'Manuel Bandeira', '', null),
('59F7A79F-0724-45FD-8D42-90AF85A950AF', 'Kate O Hearn', '', null),
('6C6B2893-3FFF-442E-AEFE-2D89136CDC45', 'Lisa Maxwell', '', null),
('5C105CC3-92B7-48FB-9161-B4F82501DF82', 'Bernard Cornwell', '', null),
('49329E71-4B97-4B82-8B4C-8395379D2F87', 'Agatha Christie', '', null),
('A21DD467-E004-4AF3-AB3B-B680F11A3F83', 'Chico Buarque/Paulo Pontes', '', null),
('598CE2C4-FB43-491C-AD27-C59D336BFCAB', 'Andrea del Fuego', '', null),
('E3FD0DD5-3FF9-4BA6-9606-7CC522D65FED', 'Richelle Mead', '', null),
('F0EDC245-2558-468B-91FF-C61F7D414049', 'Dietrich Martin', '', null),
('D423867E-47BB-4849-B201-8EAF022ABAE9', 'Carl Barks', '', null),
('DD15FBC1-007F-4300-B50A-C02494137E9F', 'Gerald Brittle', '', null),
('E4B40427-D09C-4E29-B894-8992283661BF', 'Homero', '', null),
('C5253FF4-0175-4B90-93B0-647A1AFFFA9F', 'Bianca Briones', '', null),
('5EA3F19B-49F2-4760-B8AC-B26357979ED7', 'Victoria Aveyard', '', null),
('A0A0263B-0CEA-4C40-8ADE-129C5DF42BCE', 'Kristen Proby', '', null),
('D162359A-6912-4C65-8BA1-78883887A36A', 'Disney', '', null),
('E8A81E63-8EB7-4B8B-9DE6-47B71749A758', 'Marcia Honora', '', null),
('74E41E6C-353F-4E26-86CB-E7D22F923127', 'Katia Canton', '', null),
('4DCF3D4D-3EC0-40FB-A217-B3DB040D3C43', 'Quino', '', null),
('9D188505-DF9B-42A8-80D9-2E0B8315A021', 'Asa Larsson', '', null),
('F72E7E94-04C8-4A34-89AB-98A054B8211F', 'Caisa Mellado', '', null),
('3E6A80E7-B6DF-4006-9439-FCB95358E366', 'Andrzej Sapkowski', '', null),
('2D1C0437-57B7-4C30-97A7-1B9B705FEB86', 'Nadia B. Gotlib', '', null),
('49A1722B-702E-465F-85B1-BB0066271DDB', 'Juliet Marillier', '', null),
('99DA76F5-BAFD-43DC-AB27-70D0DDFC361F', 'Douglas Adams', '', null),
('9A4207B5-429C-48D8-94CE-504D9A39CDF3', 'Gorge Guzman', '', null),
('33F40FD1-FB9C-4E57-88BF-ACEC3A3EBC6C', 'Allan Kardec', '', null),
('A73F092B-7DF9-4152-A4F1-98823E75A02A', 'Charles Darwin', '', null),
('7239DE08-0728-44D2-ABB8-194B818289B7', 'Pacha Urbano', '', null),
('E59EE863-5B75-415D-9C0F-ABC6E5CC3A32', 'Christian Figueiredo', '', null),
('049DAACC-3BEE-44FD-8A19-4584B7D981A7', 'John Malam', '', null),
('A7E9B88C-4879-45E6-9019-5CE4058599DD', 'Meg Cabot', '', null),
('C6493B4C-805B-40B8-A9D9-51E0638912E1', 'Nelson F. Junior', '', null),
('D8D429C2-1F8A-4A64-A596-0B4FE60689F6', 'R. L. Stevenson', '', null),
('738D172E-1029-4706-A1D4-BD77AA1A2C45', 'Roberto Prado', '', null),
('451E6B7F-BA4C-4685-8657-5A68D1F79B54', 'Stella Carr', '', null);

INSERT INTO editora (id, nome, cnpj) VALUES 
('51B72101-DA30-4D8C-9C63-BEB5F13D0228', 'Darkside', '17.285.159/0001-00'),
('2D95A6B8-32C2-4DD1-99DC-58DF5B47731A', 'Ex Machina', '19.355.765/0001-72'),
('2D943A27-5194-4CB5-9F67-C078DFAF0A03', 'Planeta dos Livros', '05.764.236/0001-18'),
('FA35C631-16D7-4303-8494-E2C64A8F4E4D', 'Record', '44.276.105/0001-43'),
('FE8AC43F-2B86-4E8F-896D-E7A3678CC210', 'Novo Conceito', '08.561.869/0001-17'),
('4E675FF1-264D-4694-8AC8-BC74CE2F3F56', 'Companhia das Letras', '55.789.390/0008-99'),
('C999C188-4C6B-42B5-A121-E197950AB0C8', 'Sextante', '02.310.771/0001-00'),
('03EF5C3F-D35F-462A-A014-64ED849F215B', 'Arqueiro', '06.985.027/0001-67'),
('E6783DFF-1E3C-4709-BFAB-07B9C07B29CF', 'Intrinseca', '05.660.045/0001-06'),
('692122E9-2055-476C-9BF4-7C0737EC7395', 'Rocco', '42.444.703/0001-59'),
('56D7A248-7527-495B-882C-EBB5FFBEC40B', 'Faro Editorial', '29.756.697/0001-07'),
('C7B57E3C-342B-41E1-AE70-C8B7909B0947', 'Valentina', '14.473.069/0001-47'),
('4671080C-AD18-4A0B-9A68-A9E05E0BD781', 'Linhas Tortas', '04.389.164/0001-03'),
('B6817080-B3F5-49F5-B821-420C7E108096', 'Madras', '02.138.401/0001-38'),
('122E5D6D-18A8-4BBB-B0FB-48D8634339A5', 'Atica', '61.259.958/0001-96'),
('8DA42EFC-8D41-46DF-ADC2-6FE3295771C7', 'Fundamento', '05.584.042/0001-30'),
('157327D2-898A-4E55-8C4A-2D2260FAD5E5', 'Bertrand', '61.353.579/0001-60'),
('7647F534-C3FD-4120-BA6A-BB4D9680C980', 'Althea', '16.982.517/0001-63'),
('223F0DAE-87F5-455E-AAA5-C061D6DFD769', 'LCTE', '49.940.679/0002-79'),
('1F4587BF-B5F2-4DF3-9154-DAD79758DA88', 'Cosac Naify', '01.451.416/0002-70'),
('FB3379F9-246D-43CF-9F2B-04F40663F344', 'Leya', '13.710.054/0001-92'),
('C8491A00-177A-4644-969B-7EBF04085B23', 'VR', '02.817.648/0001-80'),
('1AF26A2D-F7A2-4B07-8B70-340E75A9C168', 'Globo', '04.067.191/0001-60'),
('072EEE34-29B0-484A-AED4-1E064533139E', 'Scipione', '44.127.355/0001-11'),
('B8324DC0-CCAD-4809-AF09-F4451FAD2154', 'Martins Fontes', '43.641.133/0009-07'),
('483D98B9-9BB9-48B6-8B52-D14E6C97874C', 'Phorte', '01.387.857/0001-79'),
('45A8F3A6-C9EC-4D35-A159-38D8C43ACA36', 'Abril', '02.183.757/0001-93'),
('EBDD6A4B-F04A-4CDB-B015-50BC2341E815', 'Martin Claret', '43.079.805/0001-85'),
('6501BE2B-8515-402D-B41B-3916809D35E6', 'Charme', '19.634.089/0001-76'),
('5F808191-50E6-4B30-8F6F-5E4F94CF84AD', 'Selecoes', '26.462.391/0001-50'),
('840FFF31-6B07-433F-91B4-842916801865', 'Ciranda Cultural', '68.216.860/0001-09'),
('A6E5A550-7E48-4093-9391-173A26F9FB1C', 'Pensamento-Cultrix', '61.153.532/0002-34'),
('3E8E7A88-EF17-40DC-ABF9-E389565D0F67', 'Edusp', '63.025.530/0072-06'),
('67898687-0F03-4026-A296-5965F31444FA', 'Butterfly', '04.460.238/0001-50'),
('02C0EDC0-81B0-4B8A-95AB-FEC44AB85851', 'Isis', '61.572.046/0001-70'),
('914F029E-F647-424B-ADD4-D88D86F1E2A1', 'Ide', '07.794.242/0001-43'),
('639C2FC3-9E88-4A67-8B76-D3D689ED13FA', 'Coquetel', '01.183.613/0001-74'),
('2EC2E498-C9DB-4AB2-B096-CB7139857FD6', 'Zas', '17.139.882/0001-73'),
('F05C3314-1079-4EEE-9E29-2F1F5F321B9D', 'Girassol', '00.845.926/0001-88'),
('41EFACE2-55D9-4115-B47A-7170E91A3D31', 'Pragmatha', ''),
('34EBAC20-10F0-430B-BD9D-40664D44A9D8', 'Moderna', '62.136.304/0001-38'),
('29B9B04E-5975-4102-8767-81F9186388E8', 'Panini', '58.732.058/0001-00'),
('94B13129-1D63-46BD-A1F9-89890146CAEA', 'JBC', '00.531.662/0001-98'),
('6AD3343F-D228-4025-8E4F-B9A0D1DBF43A', 'Autopublicacao', '00.000.000/0000-00'),
('86BB94EF-2E38-4D22-A936-E65281642CCF', 'Planeta dos Livros', '40.973.944/0001-60'),
('2E516C9E-190D-432B-9D1E-838EA58519D3', 'Gente', '74.514.316/0001-38'),
('5D523697-D91E-40BC-BCA3-2F1EA1A0557F', 'Letrinhas', '19.409.761/0001-20');

INSERT INTO obra (id, titulo, isbn, genero, idautor, ideditora) VALUES 
('F3C8F600-27B5-412D-B8FB-784850E248BF', 'Contos Reunidos do Mestre do Horror Cosmico', '978-85-67773-10-0', 'horror cosmico', '6FFED3CA-6D5A-4060-BA72-C1855ED49922', '2D95A6B8-32C2-4DD1-99DC-58DF5B47731A'),
('A35DFABE-6BB8-4A3D-B2B5-21D69295EBF2', 'Edgar Allan Poe - Medo Classico', '978-85-94540-24-9', 'horror', '2C522697-BC20-4FC2-AC7C-37A590ECDE01', '51B72101-DA30-4D8C-9C63-BEB5F13D0228'),
('9025D64F-7D1F-4A2F-B2B2-9446A3D379B5', 'H.P. Lovecraft - Medo Classico - Vol. 1', '978-85-94540-78-2', 'horror cosmico', '6FFED3CA-6D5A-4060-BA72-C1855ED49922', '51B72101-DA30-4D8C-9C63-BEB5F13D0228'),
('98A1FD3F-AA63-486E-840D-58483F254FEB', 'Edgar Allan Poe - Vol. 2', '978-85-94541-20-8', 'horror', '2C522697-BC20-4FC2-AC7C-37A590ECDE01', '51B72101-DA30-4D8C-9C63-BEB5F13D0228'),
('807E31EA-5C69-4384-983D-FE0CB8D5B185', 'A Guardiã de Histórias', '978-85-28620-56-6', 'fantasia', '458459CF-A79C-49B0-A33E-EF89CF62045F', 'FA35C631-16D7-4303-8494-E2C64A8F4E4D'),
('5386FD82-A35E-4F9B-B271-CD6EF87FF209', 'O Príncipe Cruel', '978-85-01115-55-3', 'fantasia', '8A2529E8-73D9-4595-BEE7-AF2B288E148E', 'FA35C631-16D7-4303-8494-E2C64A8F4E4D'),
('9D87697F-A22B-4D04-9E7F-9DC83E2C599B', 'O Dueto Sombrio', '978-85-55340-66-6', 'dark fantasy', '458459CF-A79C-49B0-A33E-EF89CF62045F', '4E675FF1-264D-4694-8AC8-BC74CE2F3F56'),
('3B21DD44-9412-4253-A190-CCF6CE40793B', 'Aprendendo a Seduzir', '978-85-76655-09-1', 'romance', '4641F492-BEB2-472B-9BA7-93FA1DD8DF96', '2D943A27-5194-4CB5-9F67-C078DFAF0A03'),
('DC58904F-D20D-4AB3-81A8-95DF811C4F83', 'A Menina Mais Fria de Coldtown', '978-85-81634-03-6', 'romance', '8A2529E8-73D9-4595-BEE7-AF2B288E148E', 'FE8AC43F-2B86-4E8F-896D-E7A3678CC210'),
('60004347-3C4F-4FE1-8168-1F3555C59871', 'Pode Beijar a Noiva', '978-85-42206-76-0', 'romance', '4641F492-BEB2-472B-9BA7-93FA1DD8DF96', '2D943A27-5194-4CB5-9F67-C078DFAF0A03');

INSERT INTO livro (id, barcode, idobra, doacao) VALUES 
('7CC08B9B-E196-4E11-9A91-DAEA49D56E11', 111, 'F3C8F600-27B5-412D-B8FB-784850E248BF', '2021-06-06 19:50:26.000'), 
('0F135EE7-DED9-4AC6-A952-030469F46F5D', 112, 'F3C8F600-27B5-412D-B8FB-784850E248BF', '2021-06-06 19:50:26.000'), 
('EE4304D0-33F4-462B-9D1F-4EEEED4BA45C', 113, 'F3C8F600-27B5-412D-B8FB-784850E248BF', '2021-06-06 19:50:26.000'), 
('140937FC-3589-4235-8BD4-321510340A45', 114, 'F3C8F600-27B5-412D-B8FB-784850E248BF', '2021-06-06 19:50:26.000'), 
('494860C7-C610-487B-978F-EE677E1CC93A', 115, 'F3C8F600-27B5-412D-B8FB-784850E248BF', '2021-06-06 19:50:26.000'), 
('FE7FBAC2-8C33-4EE5-B90E-0D2D9296CB9D', 116, 'F3C8F600-27B5-412D-B8FB-784850E248BF', '2021-06-06 19:50:26.000'), 
('CCB5E10B-4CBE-458E-B1B7-5B895826291D', 117, 'F3C8F600-27B5-412D-B8FB-784850E248BF', '2021-06-06 19:50:26.000'), 
('0DFBF9D2-EEEA-4DF6-9514-1721E9F243F0', 118, 'F3C8F600-27B5-412D-B8FB-784850E248BF', '2021-06-06 19:50:26.000'), 
('2A323E5A-6759-4DE7-8989-0BF3A2F491FF', 119, 'F3C8F600-27B5-412D-B8FB-784850E248BF', '2021-06-06 19:50:26.000'), 
('AF114EE8-AC67-457B-816E-1FD56FA74187', 121, 'F3C8F600-27B5-412D-B8FB-784850E248BF', '2021-06-06 19:50:26.000'), 
('A9E1EF6B-33E3-487C-86BF-80D52D86E7E5', 122, 'A35DFABE-6BB8-4A3D-B2B5-21D69295EBF2', '2021-06-06 19:50:26.000'), 
('A8D2C105-561F-478E-BC43-7B9DB3F1822F', 123, 'A35DFABE-6BB8-4A3D-B2B5-21D69295EBF2', '2021-06-06 19:50:26.000'), 
('90C764C8-7F0D-4CD7-B6C1-F739E42FE829', 124, 'A35DFABE-6BB8-4A3D-B2B5-21D69295EBF2', '2021-06-06 19:50:26.000'), 
('F0BE248A-3AEA-45AA-AB11-65358685B8C5', 125, 'A35DFABE-6BB8-4A3D-B2B5-21D69295EBF2', '2021-06-06 19:50:26.000'), 
('9EBD3266-4693-4D83-BE19-A6B47E7E2379', 126, 'A35DFABE-6BB8-4A3D-B2B5-21D69295EBF2', '2021-06-06 19:50:26.000'), 
('87BC7E56-5D4C-4C05-9D9C-5EBB924C6F71', 127, 'A35DFABE-6BB8-4A3D-B2B5-21D69295EBF2', '2021-06-06 19:50:26.000'), 
('F6939961-36D3-415E-B319-FE5EFE772FA6', 128, 'A35DFABE-6BB8-4A3D-B2B5-21D69295EBF2', '2021-06-06 19:50:26.000'), 
('4F9C96E6-AF05-4728-A4AC-F0EB382729CB', 129, 'A35DFABE-6BB8-4A3D-B2B5-21D69295EBF2', '2021-06-06 19:50:26.000'), 
('8E3B61B8-E64A-416F-A20B-D840450C0A04', 131, 'A35DFABE-6BB8-4A3D-B2B5-21D69295EBF2', '2021-06-06 19:50:26.000'), 
('C97DEFEE-B7DA-4CA0-9A1D-D8E38BFE141D', 132, 'A35DFABE-6BB8-4A3D-B2B5-21D69295EBF2', '2021-06-06 19:50:26.000'), 
('9D08A812-EEDD-4954-8E6B-96C12AA33954', 133, '98A1FD3F-AA63-486E-840D-58483F254FEB', '2021-06-06 19:50:26.000'), 
('CD3DF492-DFDB-402D-BC7D-F505D5FBFDCB', 134, '98A1FD3F-AA63-486E-840D-58483F254FEB', '2021-06-06 19:50:26.000'), 
('4C1550C8-7D2D-4080-BBFF-87D8E6248FC0', 135, '98A1FD3F-AA63-486E-840D-58483F254FEB', '2021-06-06 19:50:26.000'), 
('1CB6123D-60AE-471B-9CB9-07DB2C4C559F', 136, '98A1FD3F-AA63-486E-840D-58483F254FEB', '2021-06-06 19:50:26.000'), 
('E15E8FAA-FF82-4136-93FE-61940FDA05E2', 137, '98A1FD3F-AA63-486E-840D-58483F254FEB', '2021-06-06 19:50:26.000'), 
('0A94061B-CBED-479A-BCD6-68CD3949294F', 138, '98A1FD3F-AA63-486E-840D-58483F254FEB', '2021-06-06 19:50:26.000'), 
('E70E2265-4AA2-4A03-9630-BD67B6B9C89B', 139, '98A1FD3F-AA63-486E-840D-58483F254FEB', '2021-06-06 19:50:26.000'), 
('11EB895F-B7F6-4C28-9C36-866549F06768', 141, '98A1FD3F-AA63-486E-840D-58483F254FEB', '2021-06-06 19:50:26.000'), 
('6E21F137-D1E9-4844-BBE7-4F93866162E2', 142, '98A1FD3F-AA63-486E-840D-58483F254FEB', '2021-06-06 19:50:26.000'), 
('99E9A81F-6F4A-48EF-BA41-1963263AEB05', 143, '98A1FD3F-AA63-486E-840D-58483F254FEB', '2021-06-06 19:50:26.000'), 
('62D55847-C942-48E1-B089-D381EFB3925B', 144, '9025D64F-7D1F-4A2F-B2B2-9446A3D379B5', '2021-06-06 19:50:26.000'), 
('3A688065-51BE-46B7-9BA2-479471FB5A70', 145, '9025D64F-7D1F-4A2F-B2B2-9446A3D379B5', '2021-06-06 19:50:26.000'), 
('DA9151BF-BCD6-419C-B848-B9FD9E903EFC', 146, '9025D64F-7D1F-4A2F-B2B2-9446A3D379B5', '2021-06-06 19:50:26.000'), 
('3BFCF01E-FFC8-4657-A0BF-B89EA5E779FF', 147, '9025D64F-7D1F-4A2F-B2B2-9446A3D379B5', '2021-06-06 19:50:26.000'), 
('A364619E-2EED-4E67-8F4D-25387E1127BE', 148, '9025D64F-7D1F-4A2F-B2B2-9446A3D379B5', '2021-06-06 19:50:26.000'), 
('B54E1A60-5997-4263-80B4-84CCF1F09240', 149, '9025D64F-7D1F-4A2F-B2B2-9446A3D379B5', '2021-06-06 19:50:26.000'), 
('CE3B5B24-6434-4AE6-81F3-BD98DF4574C6', 110, '9025D64F-7D1F-4A2F-B2B2-9446A3D379B5', '2021-06-06 19:50:26.000'), 
('5786423D-9481-459C-A394-349E2D53F49E', 120, '9025D64F-7D1F-4A2F-B2B2-9446A3D379B5', '2021-06-06 19:50:26.000'), 
('CDD60083-CC41-4127-A00C-EDDCB6BAC676', 130, '9025D64F-7D1F-4A2F-B2B2-9446A3D379B5', '2021-06-06 19:50:26.000'), 
('14689EE1-FCD5-4A00-825B-4474D0D6769A', 140, '9025D64F-7D1F-4A2F-B2B2-9446A3D379B5', '2021-06-06 19:50:26.000');  

INSERT INTO locatario (id, nome, cpf, email, nascimento, telefone) VALUES 
('6FE9F684-E850-468F-8D2A-06F73AA7B55F', 'Pedro Cabral', '431.711.978-12', 'phcs93@gmail.com', '1993-09-24', '5513997981407'),
('AFB2FA1F-6F8A-4521-B6F1-2C0CFA743E62', 'Roberto Pinho', '415.285.008-76', 'ropinho@gmail.com', '1965-07-21', NULL);

INSERT INTO usuario (id, nome, cpf, login, senha, nascimento) VALUES 
('3976EE66-EBB4-4A7A-AAFA-58E3241E0EF7', 'Maria Leitao', '465.083.078-86', 'mgleitao', '19960215', '1996-02-15');

INSERT INTO movimentacao VALUES 
('A6518572-2E5D-405C-B39B-A66CF28EB6E2', '2021-06-06 20:10:48', '0F135EE7-DED9-4AC6-A952-030469F46F5D', '6FE9F684-E850-468F-8D2A-06F73AA7B55F', '3976EE66-EBB4-4A7A-AAFA-58E3241E0EF7', 'L'),
('F40B79AE-75BA-4E85-9C7F-9AB03ED3933F', '2021-06-06 20:15:51', '0F135EE7-DED9-4AC6-A952-030469F46F5D', '6FE9F684-E850-468F-8D2A-06F73AA7B55F', '3976EE66-EBB4-4A7A-AAFA-58E3241E0EF7', 'D');
